name,affiliation
"Adhikari, Ashu","School of Interactive Arts + Technology (SIAT), Simon Fraser University, Vancouver, British Columbia, Canada"
"Afonso, Ana Paula","Departamento de Informática, Faculdade de Ciências, Universidade de Lisboa, Lisboa, Portugal"
"Aigner, Roland","Media Interaction Lab, University of Applied Sciences Upper Austria, Hagenberg, Austria"
"Akundi, Satya Aditya","University of Wisconsin Milwaukee, Milwaukee, Wisconsin, USA"
"Alam, Md. Ashraful","CVIS Lab, BRAC University, Dhaka, Bangladesh"
"Albuquerque, Georgia","Software Technology / Software for Space Systems and Interactive Visualization, German Aerospace Center, Braunschweig, Germany"
"Alghofaili, Rawan","Computer Science, University of Texas at Dallas, Richardson, Texas, USA"
"Amano, Toshiyuki","Systems Engineering, Wakayama University, Wakayama, Japan"
"Ananthanarayan, Swamy","Department of Human-Centred Computing, Monash University, Melbourne, Victoria, Australia"
"Andersen, Daniel","Facebook Reality Labs, Redmond, Washington, USA"
"Ang, Samuel","University of Texas San Antonio, San Antonio, Texas, USA"
"Anthes, Christoph","University of Applied Sciences Upper Austria, Hagenberg, Austria"
"Ao, Tenglong","Peking University, Beijing, Beijing, China"
"Arafat, Imtiaz Muhammad","CS/UTSA/SAVE, University of Texas at San Antonio, San Antonio, Texas, USA"
"Arefin, Mohammed Safayet","Department of Computer Science, Colorado State University, Fort Collins, Colorado, USA"
"Arevalo Arboleda, Stephanie","Audiovisual Technology Group, Ilmenau University of Technology, Ilmenau, Germany"
"Aristidou, Andreas","Computer Science, University of Cyprus, Nicosia, Cyprus"
"Arth, Clemens","Graz University of Technology, Graz, Austria"
"Aseeri, Sahar","Computer Science and Engineering, University of Minnesota, Minneapolis, Minnesota, USA"
"Ashwin, TS","Department of Computer Science, Vanderbilt University, Nashville, Tennessee, USA"
"Asish, Sarker Monojit","Computer Science, Florida Polytechnic University, Lakeland, Florida, USA"
"Azam, Mushfiqur",
"Bachinski, Miroslav","Department of Information Science and Media Studies, University of Bergen, Bergen, Norway"
"Bai, Junxuan","Institute of Artificial Intelligence in Sports, Capital University of Physical Education and Sports, Beijing, China"
"Bailly, Gilles","Sorbonne Université, CNRS, ISIR, Paris, France"
"Bartlett, Kristin","Product Design, University of Kentucky, Lexington, Kentucky, USA"
"Bateman, Scott","Faculty of Computer Science, University of New Brunswick, Fredericton, New Brunswick, Canada"
"Benda, Brett","Department of Computer & Information Science & Engineering, University of Florida, Gainesville, Florida, USA"
"Bernal-Berdun, Edurne","Graphics & Imaging Lab, Universidad de Zaragoza - I3A, Zaragoza, Spain"
"Bernart, Eliezer","Institute of Informatics, Federal University of Rio Grande do Sul, Porto Alegre, Rio Grande do Sul, Brazil"
"Berthaut, Florent","CRIStAL, Université de Lille, Lille, France"
"Bethel, Wes","Computer Science, San Francisco State University, San Francisco, California, USA"
"Bettin, Briana","Michigan Technological University, Houghton, Michigan, USA"
"Beyeler, Michael","Computer Science, University of California, Santa Barbara, Santa Barbara, California, USA"
"Bezanson, Katherine","Texas A&M University, College Station, Texas, USA"
"Bhargava, Ayush","Meta, Burlingame, California, USA"
"Bhattacharya, Uttaran","Adobe Inc., San Jose, California, USA"
"Biener, Verena","Coburg University of applied sciences and arts, Coburg, Germany"
"Billinghurst, Mark","ITMS, University of South Australia, Mawson Lakes, Australia"
"Bimberg, Pauline","Human-Computer Interaction Group, University of Trier, Trier, Germany"
"Biswas, Arnab","Neuroscience, University of Nevada, Reno, Reno, Nevada, USA"
"Bittencourt, Joao Ricardo","Unisinos, São Leopoldo, Brazil"
"Boban, Loën","IIG, EPFL, lausanne, Switzerland"
"Boccaccio, Antonio","Politecnico di Bari, Bari, Italy"
"Boem, Alberto","Department of Information Engineering and Computer Science, University of Trento, Trento, Italy"
"Bohus, Dan","Microsoft Research, Redmond, Washington, USA"
"Bonnail, Elise","LTCI, Télécom Paris, Institut Polytechnique de Paris, Paris, France"
"Boorboor, Saeed","Computer Science, Stony Brook University, Stony Brook, New York, USA"
"Borhani, Zahra","Computer Science, Colorado State University, Fort Collins, Colorado, USA"
"Bourdin, Pierre","Universitat Oberta de Catalunya, Barcelona, Spain"
"Bourgault, Sam","Media Arts and Technology, University of California, Santa Barbara, Santa Barbara, California, USA"
"Bouyer, Guillaume",
"Bovo, Riccardo","Computer Science, Imperial College London, London, United Kingdom"
"Bowen, Judy","University of Waikato, Hamilton, New Zealand"
"Bowman, Doug","Center for Human Computer Interaction, Virginia Tech, Blacksburg, Virginia, USA"
"Bozkir, Efe","Human-Computer Interaction, University of Tübingen, Tübingen, Germany"
"Brandstätter, Klara","University College London, London, United Kingdom"
"Brument, Hugo","TU Wien, Vienna, Austria"
"Buck, Lauren","Department of Electrical Engineering and Computer Science, Vanderbilt University, Nashville, Tennessee, USA"
"Bulling, Andreas","University of Stuttgart, Stuttgart, Germany"
"Cabestaing, François","CRIStAL, Univ. Lille, Villeuneuve d'Ascq, France"
"Cabrera Araya, Raquel Tatiana","School of Performance, Visualization and Fine Arts, Texas A&M University, College Station, Texas, USA"
"Cai, Shaoyu","College of Design and Engineering, National University of Singapore, Singapore, Singapore"
"Cai, Zhuojiang","Beihang University, Beijing, China"
"Caluya, Nicko","Visual Information Engineering Laboratory, Ritsumeikan University, Kusatsu City, Shiga Prefecture, Japan"
"Camacho Fidalgo, Graciela","Texas A&M, College Station, Texas, USA"
"Cantory, Ville","University of Minnesota, Minneapolis, Minnesota, USA"
"Cao, Ruochen","University of South Australia, Adelaide, South Australia, Australia"
"Cardenas Hernandez, Fernando","DIPF Leibniz Institute for Research and Information in Education, Frankfurt am Main, Germany"
"Casas, Dan","Universidad Rey Juan Carlos (URJC), Madrid, Spain"
"Cellary, Wojciech","Institute of Applied Resrarch, University WSB Merito Poznan, Poznan, Wielkopolska, Poland"
"Center, Evan","Perception Engineering Lab, University of Oulu, Oulu, Northern Ostrobothnia, Finland"
"Chaffangeon Caillet, Adrien","Laboratoire d'Informatique de Grenoble, Grenoble, France"
"Chalmers, Andrew","Computational Media Innovation Centre, Victoria University of Wellington, Wellington, New Zealand"
"Chan, Liwei","National Chiao Tung University, Hsinchu, Taiwan"
"Chang, Ruei-Che","Computer Science and Engineering, University of Michigan, Ann Arbor, Michigan, USA"
"Chang, Zhuang","Auckland Bioengineering Institute, The University of Auckland, Auckland, New Zealand"
"Chardonnet, Jean-Rémy","LISPEN EA7515, Arts et Metiers Institute of Technology, Chalon-sur-Saône, France"
"Chen, Changan",
"Chen, Kan","Singapore Institute of Technology, Singapore, Singapore"
"Chen, Karen","North Carolina State University, Raleigh, North Carolina, USA"
"Chen, Yuedong","Monash University, Melbourne, Australia"
"Chen, Zhang","OPPO US Research Center, InnoPeak Technology, Inc., Palo Alto, California, USA"
"Cheng, Haojie","University of Sciences and Technology of China, Hefei, China"
"Cheng, Haonan","Communication University of China, Beijing, China"
"Cheng, Shiwei","Shanghai Jiao Tong University, Shanghai, China"
"Cheng, Yi Fei","Department of Computer Science, ETH Zürich, Zürich, Switzerland"
"Chiossi, Francesco","LMU Munich, Munich, Germany"
"Choudhury, Nusrat","National Research Council Canada, Boucherville, Quebec, Canada"
"Christie, Iain","School of Computing Science, University of Glasgow, Glasgow, Scotland, United Kingdom"
"Chuang, Jung-Hong","National Chiao Tung University, Hsinchu, Taiwan"
"Chung, Ji Won","Computer Science, Brown University, Providence, Rhode Island, USA"
"Clark, Jack","Information Science, University of Arizona, Tucson, Arizona, USA"
"Clarke, Thomas","IVE/Wearable Computer Lab, University of South Australia, Adelaide, South Australia, Australia"
"Colley, Mark","Institute of Media Informatics, Ulm University, Ulm, Germany"
"Çöltekin, Arzu","Institute of Interactive Technologiees, University of Applied Sciences and Arts Northwestern Switzerland (FHNW), Brugg-Windisch, Switzerland"
"Conversy, Stéphane","ENAC, Toulouse, France"
"Cordeil, Maxime","School of Electrical Engineering and Computer Science, The University of Queensland, Brisbane, Australia"
"Correa de Almeida, Gustavo","VIZLAB - Geoinformatics and Visualization Lab, UNISINOS, São Leopoldo, Rio Grande do sul, Brazil"
"Corrêa, Cleber","Universidade Tecnológica Federal do Paraná, Cornélio Procópio, Brazil"
"Costa, Rosa Maria","DICC, Universidade do Estado do Rio de Janeiro, Rio de Janeiro, Brazil"
"Cox, Samuel","School of Computing, National University of Singapore, Singapore, Singapore"
"Creed, Chris","Birmingham City University, Birmingham, United Kingdom"
"Creem-Regehr, Sarah","Psychology, University of Utah, Salt Lake City, Utah, USA"
"Croucher, Charlotte","Department of Cognitive Science and Artificial Intelligence, Tilburg University, Tilburg, Netherlands"
"Dalsgaard, Tor-Salve","University of Copenhagen, Department of Computer Science, Copenhagen, Denmark"
"Danyluk, Kurtis","Interactions Lab, University of Calgary, Calgary, Alberta, Canada"
"Daskalogrigorakis, Grigoris","ECE, Technical University of Crete, Chania, Greece"
"David-John, Brendan","Department of Computer Science, Virginia Tech, Blacksburg, Virginia, USA"
"de Jesus Oliveira, Victor Adriel","Institute of Creative\Media/Technologies, St. Poelten University of Applied Sciences, St. Poelten, Austria"
"De Pace, Francesco","Institute of Visual Computing and Human-Centered Technology, TU Wien, Wien, Austria"
"Degraen, Donald","HCI Group, University of Duisburg-Essen, Essen, Germany"
"Demirel, Doga","Computer Science, Florida Polytechnic University, Lakeland, Florida, USA"
"Deng, Xiaoming","Institute of Software, Chinese Academy of Sciences, Beijing, Beijing, China"
"Deng, Zhigang","University of Houston, Houston, Texas, USA"
"Deshpande, Nikhil","Istituto Italiano di Tecnologia, Genova, Italy"
"Dewitz, Bastian","Universitätsklinikum Düsseldorf, Düsseldorf, Germany"
"Diaz, Deyrel","School of Computing, Clemson University, Clemson, South Carolina, USA"
"Ding, Aolin","Accenture Labs, Arlington, Virginia, USA"
"Ding, Fan","Computer Science, Michigan Technological University, Houghton, Michigan, USA"
"Dingler, Tilman","School of Computing and Information Systems, University of Melbourne, Melbourne, Victoria, Australia"
"Do, Tiffany","Computer Science, University of Central Florida, Orlando, Florida, USA"
"Dobbins, Chelsea","School of Electrical Engineering and Computer Science, The University of Queensland, Brisbane, QLD, Australia"
"Döllinger, Nina","Psychology of Intelligent Interactive Systems, University of Würzburg, Würzburg, Germany"
"Drogemuller, Adam","IVE, University of South Australia, Mawson Lakes, South Australia, Australia"
"Dubois, Emmanuel","University of Toulouse, IRIT - Elipse, Toulouse, France"
"Dudley, John","Department of Engineering, University of Cambridge, Cambridge, United Kingdom"
"Dumas, Cédric","LS2N, IMT Atlantique, Nantes, France"
"Durrant, Tom",
"Ebner, Christoph","Graz University of Technology, Graz, Austria"
"Ehret, Jonathan","VR Group, RWTH, Aachen, Germany"
"Eisert, Peter","Vision & Imaging Technologies Department, Fraunhofer HHI, Berlin, Germany"
"El Ali, Abdallah","Centrum Wiskunde & Informatica (CWI), Amsterdam, Netherlands"
"ElSayed, Neven","Human AI Interaction, Know-Center GmbH, Graz, Austria"
"Englmeier, David","LMU Munich, Munich, Germany"
"Erickson, Austin","Operational Based Vision Assessment Lab (OBVA), KBR, Air Force Research Lab, Orlando, Florida, USA"
"Eroglu, Sevinc","RWTH Aachen University, Aachen, Germany"
"Esteves, Augusto","ITI / LARSyS, Instituto Superior Técnico, University of Lisbon, Lisbon, Portugal"
"Faleel, Shariff","Department of Computer Science, University of British Columbia, Kelowna, British Columbia, Canada"
"Feick, Martin","DFKI and Saarland University, Saarland Informatics Campus, Saarbrücken, Germany"
"Fender, Andreas","Hahn-Schickard, Freiburg, Germany"
"Ferreira, Wesley",
"Folmer, Eelke","Computer Science and Engineering, University of Nevada, reno, Nevada, USA"
"Franzluebbers, Anton","School of Electrical and Computer Engineering, University of Georgia, Athens, Georgia, USA"
"Fribourg, Rebecca"," LS2N/PACCE UMR CNRS 6004 & Inria Hybrid, Ecole Centrale de Nantes, Nantes, France"
"Friston, Sebastian","Computer Science, University College London, London, United Kingdom"
"Fujimoto, Yuichiro","Nara Institute of Science and Technology, Nara, Japan"
"Fujisawa, Makoto","Faculty of Library, Information and Media Science, University of Tsukuba, Tsukuba, Ibaraki, Japan"
"Fujita, Kazuyuki","Research Institute of Electrical Communication, Tohoku University, Sendai, Miyagi, Japan"
"Gabel, Jenny","Human Computer Interaction, Universität Hamburg, Hamburg, Germany"
"Gagnon, Holly","Psychology, University of Utah, Salt Lake City, Utah, USA"
"Gao, Chen","Fujian Nornal University, Fuzhou, Fujian, China"
"Gasques, Danilo","Computer Science and Engineering, University of California San Diego, La Jolla, California, USA"
"Geddes, Connor","University of Guelph, Guelph, Ontario, Canada"
"Geronazzo, Michele","Department of Engineering and Management, University of Padua, Padova, Italy"
"Ghamandi, Ryan","Interactive Systems and User Experience Lab, University of Central Florida, Orlando, Florida, USA"
"Ghosh, Sarthak","School of Interactive Computing, Georgia Tech, Atlanta, Georgia, USA"
"Gillies, Marco","Computing, Goldsmiths, University of London, London, United Kingdom"
"Giordano, Marcello","Apple, Cupertino, California, USA"
"Giovannelli, Alexander","Computer Science, Virginia Tech, Blacksburg, Virginia, USA"
"Gong, Jiangtao","Tsinghua University, Beijing, China"
"Gonzalez Quiros, Rogelio","Escuela de Ingeniería en Computación, Instituto Tecnologico de Costa Rica, Cartago, Cartago, Costa Rica"
"Gonzalez-Sosa, Ester","XR Lab, Nokia, Madrid, Spain"
"Gopakumar, Manu","Stanford Computational Imaging Lab, Stanford University, Stanford, California, USA"
"Gorlatova, Maria","Electrical and Computer Engineering, Duke University, DURHAM, North Carolina, USA"
"Gracanin, Denis","Department of Computer Science, Virginia Tech, Blacksburg, Virginia, USA"
"Grogorick, Steve","Institut für Computergraphik, TU Braunschweig, Braunschweig, Niedersachsen, Germany"
"Gruenefeld, Uwe","HCI Group, University of Duisburg-Essen, Essen, Germany"
"Gründling, Jan","Department IV - HCI, Trier University, Trier, Germany"
"Gsaxner, Christina","Graz University of Technology, Graz, Austria"
"Guerreiro, João","LASIGE, Faculdade de Ciências, Universidade de Lisboa, Lisbon, Portugal"
"Günther, Ulrik","Center for Advanced Systems Understanding, Görlitz, Germany"
"Guo, Hung-Jui","The University of Texas at Dallas, Software Engineering department, Dallas, Texas, USA"
"Guo, Jie","Nanjing University, Nanjing, China"
"Guo, Jie","Pengcheng Laboratory, Shenzhen, Guangdong, China"
"Guo, Shihui","Software School, Xiamen, Fujian, China"
"Guo, Wenchen","Peking University, Beijing, China"
"Gupta, Aakar","Reality Labs Research, Meta Inc., Redmond, Washington, USA"
"Gupta, Kunal","Empathic Computing Laboratory, The University of Auckland, Auckland, Auckland, New Zealand"
"Hachet, Martin","Inria, Bordeaux, France"
"Häfner, Polina","Karlsruhe Institute of Technology, Karlsruhe, Germany"
"Hamza-Lup, Felix","Computer Science, Georgia Southern, Savannah, Georgia, USA"
"Han, Amy Kyungwon","Seoul National University, Seoul, Seoul, Republic of Korea"
"Han, Dongyun","Computer Science, Utah State University, Logan, Utah, USA"
"Han, JungHyun","Media Laboratory, Korea University, Seoul, Republic of Korea"
"Han, Teng","Department of Computer Science, University of Manitoba, Winnipeg, Manitoba, Canada"
"Han, Zhao","Computer Science/RARE Lab, University of South Florida, Tampa, Florida, USA"
"Hao, Yuexing","Cornell University, Ithaca, New York, USA"
"Harvey, Carlo","School of Computing and Digital Technology, Birmingham City University, Birmingham, West Midlands, United Kingdom"
"Hasegawa, Keisuke","Information Science and Technology, The Univ. of Tokyo, Tokyo, Japan"
"Hassan, Waseem","computer science, Kyung hee university, Yongin-si,, Geonggi-do, Republic of Korea"
"Hatada, Yuji","The University of Tokyo, Tokyo, Japan"
"Havig, Paul","Air Force Research Laboratory, Wright-Patterson AFB, Ohio, USA"
"Hayes, Aleshia","Learning Technology / Information Science / SURGE Lab, University of North Texas, Denton, Texas, USA"
"He, Liang","Computer Graphics Technology, Purdue University, West Lafayette, Indiana, USA"
"Hecquard, Jeanne","Inria, Rennes, Bretagne, France"
"Heinrich, Florian","Department of Simulation and Graphics, Otto von Guericke University Magdeburg, Magdeburg, Germany"
"Henderson, Jay","Department of Comptuer Science, Memorial University of Newfoundland, St. John's, Newfoundland and Labrador, Canada"
"Heo, Seongkook","Department of Computer Science, University of Virginia, Charlottesville, Virginia, USA"
"Hertel, Julia","HCI, University of Hamburg, Hamburg, Germany"
"Hewko, Mark","Medical Devices, National Research Council Canada, Winnipeg, Manitoba, Canada"
"Himmels, Chantal","BMW Group, Munich, Germany"
"Hirano, Masahiro","Institute of Industrial Science, University of Tokyo, Meguro-ku, Tokyo, Japan"
"Hirao, Yutaro","The University of Tokyo, Bunkyo ku, Tokyo, Japan"
"Hiroi, Yuichi","Cluster Metaverse Lab, Tokyo, Japan"
"Hoang, Thuong","School of Information Technology, Deakin University, Geelong, Australia"
"Hou, Fei","State Key Laboratory of Computer Science, Institute of Software, Chinese Academy of Sciences, Beijing, Beijng, China"
"Hoyet, Ludovic","Inria, Rennes, France"
"Hu, Jinghui","Department of Engineering, University of Cambridge, Cambridge, United Kingdom"
"Hu, Min-Chun","Computer Science, National Tsing Hua University, Hsinchu, Taiwan"
"Hu, Ruizhen","Shenzhen University, Shenzhen, China"
"Hu, Xianyin","Human and Environmental Informatics Lab, Graduated School of Frontier Science, Kashiwa, Chiba, Japan"
"Hu, Zhiming","Institute for Visualisation and Interactive Systems, University of Stuttgart, Stuttgart, Germany"
"Huang, Bingyao","Dept of Computer Science, Stony Brook University, Stony Brook, New York, USA"
"Huang, Haikun","Computer Science Department, George Mason University, Fairfax, Virginia, USA"
"Huang, Shi-Sheng","School of AI, Beijing Normal University, Beijing, China"
"Huang, Yuxuan","Computer Science and Engineering, University of Minnesota, Minneapolis, Minnesota, USA"
"Hurter, Christophe","ENAC, Université de Toulouse, Toulouse, France"
"Huynh, Brandon","Toyota Research Institute, Los Altos, California, USA"
"Ibrahim, Muhammad Twaha","iGravi Lab, School of ICS, UC Irvine, Irvine, California, USA"
"Ikeda, Sei","Ritsumeikan University, Kusatsu, Japan"
"In, Sungwon","Information Visualization Lab, Virginia Polytechnic Institute and State University, Blacksburg, Virginia, USA"
"Inoue, Maakito","Tohoku University, Sendai, Japan"
"Irlitti, Andrew","School of Computing and Information Systems, The University of Melbourne, Melbourne, Australia"
"Islam, Rifatul","Computer Science, Kennesaw State University, Atlanta, Georgia, USA"
"Ito, Kenichi","The Graduate School of Frontier Sciences, The University of Tokyo, Chiba, Japan"
"Jabbireddy, Susmija","Computer Science, University of Maryland College Park, College Park, Maryland, USA"
"Jain, Rahul","Department of Electrical and Computer Engineering, Purdue University, West Lafayette, Indiana, USA"
"James, Raphaël","LISN, Université Paris-Saclay, CNRS, Inria, Orsay, France"
"Jiang, Weiwei","School of Computer Science, Nanjing University of Information Science and Technology, Nanjing, China"
"Jiang, Yifeng","Stanford University, Palo Alto, California, USA"
"Jin, Yili","McGill University, Montreal, Quebec, Canada"
"Jing, Allison","Empathic Computing Lab, University of South Australia, Adelaide, Australia"
"Johnsen, Kyle","School of Electrical and Computer Engineering, University of Georgia, Athens, Georgia, USA"
"Jones, Adam","Hi5 Lab, Dept. of Computer Science and Engineering, Mississippi State University, Starkville, Mississippi, USA"
"Jyothula, Sai Priya","Electronic Visualization Laboratory, Computer Science, University of Illinois Chicago, Chicago, Illinois, USA"
"Kageyama, Yuta","Graduate School of Enginerring Science, Osaka University, Toyonaka, Osaka, Japan"
"Kajimoto, Hiroyuki","The University of Electro-Communication, Chofu, Japan"
"Kalamkar, Snehanjali","Coburg University of Applied Sciences and Arts, Coburg, Bavaria, Germany"
"Kameda, Yoshinari","Center for Computational Sciences, University of Tsukuba, Tsukuba, 茨城県, Japan"
"Kaneko, Seitaro",
"Kang, HyeongYeop","IIIXR LAB, Department of Software Convergence, College of Software Convergence, Kyung Hee University, Yongin, Republic of Korea"
"Karpodini, Christina","Digital Media Technology, Computing and Digital Media, Birmingham City University, Birmingham, United Kingdom"
"Kase, Sue","Army Research Laboratory, Aberdeen Proving Ground, Maryland, USA"
"Kassai, Nathan","DASL, University of Nevada, Las Vegas, Las Vegas, Nevada, USA"
"Katifori, Akrivi","Department of Informatics and Telecommunications, National and Kapodistrian University of Athens, Athens, Greece"
"Katsiokalis, Minas","Electrical and Computer Engineering, Technical University of Crete, Chania, Greece"
"Kelly, Jonathan","Psychology, Iowa State University, Ames, Iowa, USA"
"Khoo, Eng Tat","National University of Singapore, Singapore, Singapore"
"Kider, Joseph","School of Modeling, Simulation, and Training, University of Central Florida, Orlando, Florida, USA"
"Kim, Hansung","VLC, ECS, University of Southampton, Southampton, ENG, United Kingdom"
"Kim, Hyung-il","KI-ITC ARRC, KAIST, Daejeon, Republic of Korea"
"Kim, Jeeeun","Computer Science & Engineering, Texas A&M University, College Station, Texas, USA"
"Kim, Jin Ryong","Department of Computer Science, University of Texas at Dallas, Richardson, Texas, USA"
"Kim, Jinwook","Graduate School of Culture Technology, KAIST, Daejeon, Republic of Korea"
"Kim, Sunjun","Daegu Gyeongbuk Institute of Science and Technology (DGIST), Daegu, Republic of Korea"
"Kitson, Alexandra","School of Interactive Arts and Technology, Simon Fraser University, Surrey, British Columbia, Canada"
"Klein, Vanessa","Computer Graphics Group, Friedrich-Alexander-University Erlangen-Nuremberg, Erlangen, Bavaria, Germany"
"Kleinbeck, Constantin","Human-Centered Computing and Extended Reality, Technical University of Munich, Munich, Germany"
"Knutzen, Kathrin","Virtual Worlds and Digital Games Group, Ilmenau University of Technology, Ilmenau, Germany"
"Ko, Sungahn","Computer Science and Engineering, UNIST, Ulsan, Republic of Korea"
"Kolarik, Andrew","University of East Anglia, Norwich, Norfolk, United Kingdom"
"Kondo, Ryota","Keio University, Yokohama, Japan"
"Kourtesis, Panagiotis","Psychology, National and Kapodistrian University of Athens, Athens, Greece"
"Kreimeier, Julian","Human-Centered Computing and Extended Reality, Friedrich-Alexander University Erlangen-Nürnberg, Erlangen, Germany"
"Krishnaswamy, Nikhil","Dept. of Computer Science, Colorado State University, Fort Collins, Colorado, USA"
"Kristensson, Per Ola","Department of Engineering, University of Cambridge, Cambridge, United Kingdom"
"Krogmeier, Claudia","POTIOC, INRIA, Bordeaux, Gironde, France"
"Kroma, Assem","School of Information Technology, Carleton University, Ottawa, Ontario, Canada"
"Kruijff, Ernst","Bonn-Rhein-Sieg University of Applied Sciences, Sankt Augustin, Germany"
"Kuffner dos Anjos, Rafael","School of Computing, University of Leeds, Leeds, West Yorkshire, United Kingdom"
"Labbe, David","Software and IT Engineering, Ecole de technologie superieure, Montreal, Quebec, Canada"
"Lacoche, Jérémy","Orange Labs, Rennes, France"
"Lages, Wallace","College of Arts, Media, and Design, Northeastern University, BOSTON, Massachusetts, USA"
"Lakier, Matthew","Cheriton School of Computer Science, University of Waterloo, Waterloo, Ontario, Canada"
"Lappe, Markus","Institute for Psychology, University of Muenster, Münster, Germany"
"Latoschik, Marc","Human-Computer Interaction Group, University of Würzburg, Würzburg, Germany"
"LaViola, Joseph","University of Central Florida, Orlando, Florida, USA"
"Law, Effie","Department of Computer Science, Durham University, Durham, United Kingdom"
"Le Chénéchal, Morgan",
"Lebrun, Flavien","IBISC Lab, Univ Evry, Université Paris Saclay, Evry, France"
"Ledo, David","Autodesk Research, Toronto, Ontario, Canada"
"Lee, Benjamin","University of Stuttgart, Stuttgart, Germany"
"Lee, Hojin","VR/AR Content Research Section/Content Research Division/Telecommunications and Media Research Laboratory, Electronics and Telecommunications Research Institute, Daejeon, Republic of Korea"
"Lee, Hyunjin","KAIST, DAEJEON, Republic of Korea"
"Lee, In-Kwon","Dept. of Computer Science, Yonsei University, Seoul, Republic of Korea"
"Lee, Ju-Hwan","Department of New Media, Seoul Media Institute of Technology, Seoul, Republic of Korea"
"Lee, Myungho","Pusan National University, Busan, Republic of Korea"
"Lee, Sung-Hee","Graduate School of Culture and Technology, Korea Advanced Institute of Science and Technology, Daejeon, Republic of Korea"
"Lee, Sungkil","Sungkyunkwan University, Suwon, Republic of Korea"
"Leiva, Germán","Digital Design and Information Studies, Aarhus University, Aarhus, Denmark"
"Li, Chen","The Hong Kong Polytechnic University, Hong Kong, Hong Kong"
"Li, David","Computer Science, University Of Maryland, College Park, Maryland, USA"
"Li, Gang","Psychology, University of Glasgow, Glasgow, United Kingdom"
"Li, Jacinda","Colorado State Univerisity, Fort Collins, Colorado, USA"
"Li, Jialang Victor"," Social Emotional Technology Lab, University of California, Santa Cruz, Santa Cruz, California, USA"
"Li, Jiannan","Department of Computer Science, University of Toronto, Toronto, Ontario, Canada"
"Li, Ke","Deutsches Elektronen-Synchrotron (DESY), Hamburg, Germany"
"Li, Ou","Alibaba Business School, Hangzhou Normal University, Hangzhou, Zhejiang, China"
"Li, Qiaoge","University of Tsukuba, Tsukuba, Ibaraki, Japan"
"Li, Sheng","Computer Science and Technology, Peking University, Beijing, China"
"Li, Shuai","State Key Laboratory of Virtual Reality Technology and Systems, Beihang University, Beijing, Beijing, China"
"Li, Sijia","Tianjin University, Tianjin, China"
"Li, Weizhe",
"Li, Yan","Shanghai Jiao Tong University, Shanghai, --- Select One ---, China"
"Li, Yi-Jun","State Key Laboratory of Virtual Reality Technology and Systems, Beihang University, Beijing, Beijing, China"
"Li, Zhen","Department of Computer Science, University of Toronto, Toronto, Ontario, Canada"
"Li, Zhipeng","Department of Computer Science and Technology, Tsinghua University, Beijing, China"
"Liang, Chen","Computer Science and Engineering, University of Michigan, Ann Arbor, Michigan, USA"
"Lin, I-Chen","Dept. of Computer Science, National Chiao Tung University, Hsinchu City, Taiwan"
"Lin, Kun","Computer Science, Tianjin University, Tianjin, China"
"Lin, Yi","Fuzhou University, Fuzhou, China"
"Lindeman, Robert","HIT Lab NZ, University of Canterbury, Christchurch, New Zealand"
"Lindlbauer, David","Human-Computer Interaction Institute, Carnegie Mellon University, Pittsburgh, Pennsylvania, USA"
"Liu, Jen-Shuo","Department of Computer Science, Columbia University, New York, New York, USA"
"Liu, Juan","Advanced Reality Technology Laboratory, Universal Communication Research Institute(UCRI), NICT, Sorakugun, Seikacho, Kyoto, Japan"
"Liu, Quanying","BME, Southern University of Science and Technology, Shenzhen, China"
"Liu, Tiantian",
"Liu, Yu","University of Southern California, Los Angeles, California, USA"
"Lok, Benjamin","University of Florida, Gainesville, Florida, USA"
"Lopes, Daniel","ITI/LARSyS, Instituto Superior Técnico, Universidade de Lisboa, Lisboa, Portugal"
"Lotte, Fabien","Potioc team, Inria Bordeaux Sud-Ouest, Talence, France"
"Lougiakis, Christos","Department of Informatics and Telecommunications/School of Science, National and Kapodistrian University of Athens, Athens, Greece"
"Lu, Cheng",
"Lu, Conny","Department of Computer Science, University of North Carolina at Chapel Hill, Chapel Hill, North Carolina, USA"
"Lu, Feiyu","Global Technology Applied Research, J.P. Morgan Chase & Co., New York, New York, USA"
"Lu, Jia-Ming",
"Lu, Qi","The Future Laboratory, Tsinghua University, Beijing, China"
"Lu, Zixiang","Xidian University, Xi'an, China"
"Mahmud, M Rasel","Computer Science, The University of Texas At San Antonio, San Antonio, Texas, USA"
"Mäkelä, Ville","Stratford School of Interaction Design and Business, University of Waterloo, Waterloo, Ontario, Canada"
"Malpica, Sandra","Universidad de Zaragoza, I3A, Zaragoza, Zaragoza, Spain"
"Marquardt, Alexander","Bonn-Rhein-Sieg University of Applied Sciences, Institute of Visual Computing, Sankt Augustin, Germany"
"Mars, Franck","CNRS, Nantes, France"
"Martin-Gomez, Alejandro","Computer Science, Johns Hopkins University, Baltimore, Maryland, USA"
"Martin, Daniel","Graphics and Imaging Lab, Universidad de Zaragoza, Zaragoza, Zaragoza, Spain"
"Martin, Nicolas","MRIM, LIG, Saint-Martin-d'Hères, France"
"Masai, Katsutoshi","Kyushu University, Fukuoka, Fukuoka, Japan"
"Maslych, Mykola","ISUE Lab, University of Central Florida, Orlando, Florida, USA"
"Mathis, Florian","University of St. Gallen, St. Gallen, Switzerland"
"Matsumoto, Keigo","Graduate School of Information Science and Technology, The University of Tokyo, Tokyo, Japan"
"Matthews, Brandon","Australian Research Center for Interactive and Virtual Environments, University of South Australia, Mawson Lakes, South Australia, Australia"
"Mayer, Sven","LMU Munich, Munich, Germany"
"McGill, Mark","School of Computing Science, University of Glasgow, Glasgow, Lanarkshire, United Kingdom"
"McMahan, Ryan P.","Computer Science, University of Central Florida, Orlando, Florida, USA"
"Mehler, Alexander","Text Technology Lab, Goethe University, Frankfurt am Main, Hessen, Germany"
"Melniczuk, Amy","Northumbria University, Newcastle upon Tyne, United Kingdom"
"Mendes, Daniel","INESC TEC, Porto, Portugal"
"Meng, Xiangyu","HKU, HKU EEE, HongKong, Hong Kong"
"Meng, Xiaoxu","Games Digital Content Technology Center, Los Angelels, California, USA"
"Menin, Aline","I3S, Inria, Sophia Antipolis, France"
"Metzler, Christopher","Computer Science, University of Maryland College Park, College Park, Maryland, USA"
"Mimnaugh, Katherine","Center for Ubiquitous Computing, University of Oulu, Oulu, Finland"
"Miyashita, Leo","The University of Tokyo, Tokyo, Japan"
"Monteiro, Diego","Virtual Reality and Immersive Systems, ESIEA, Laval, France"
"Morimoto, Carlos","Computer Science Department, University of São Paulo, São Paulo, SP, Brazil"
"Moullec, Yann","Univ Rennes, Rennes, France"
"Mousas, Christos","Department of Computer Graphics Technology, Purdue University, West Lafayette, Indiana, USA"
"Mouzakitis, Nikos","Technical University of Crete, Chania, Greece"
"Müller, Florian","LMU Munich, Munich, Germany"
"Muñoz-Pandiella, Imanol","Universitat Politècnica de Catalunya, Barcelona, Spain"
"Murray, John","Nicholson School of Communication and Media, University of Central Florida, Orlando, Florida, USA"
"Nai, Weizhi","College of Communication Engineering, Jilin University, Changchun, Jilin, China"
"Nair, Vivek","Department of Electrical Engineering and Computer Sciences, University of California, Berkeley, Berkeley, California, USA"
"Nasiri, Moloud","Clemson University, Clemson, South Carolina, USA"
"Neff, Michael","Facebook Reality Labs, Sausalito, California, USA"
"Nguyen, Cuong","Adobe Research, San Francisco, California, USA"
"Nie, Tongyu","Department of Computer Science & Engineering, University of Minnesota, Minneapolis, Minnesota, USA"
"Nikiforakis, Michalis","Technical University of Crete, Chania, Greece"
"Nishida, Jun","University of Maryland, College Park, Maryland, USA"
"Nobuhara, Shohei","Kyoto University, Kyoto, Japan"
"Nourrit, Vincent","Optics Dpt, IMT Atlantique, Brest, France"
"Novotny, Johannes","Department of Computer Science, Brown University, Providence, Rhode Island, USA"
"O’Fearghail, Colm","Computer science, Trinity college dublin, Dublin, Ireland"
"O'Hagan, Joseph","School of Computing Science, University of Glasgow, Glasgow, United Kingdom"
"Oakley, Ian","School of Electrical Engineering, KAIST, Daejeon, Republic of Korea"
"Oberdörfer, Sebastian","Department of Computer Science, HCI Group, University of Würzburg, Würzburg, Germany"
"Ogawa, Nami","AI Lab, CyberAgent, Inc., Tokyo, Japan"
"Oh, Seungjae","Software Convergence, Kyung Hee University, Yongin, Republic of Korea"
"OKABE, Takahiro","Kyushu Institute of Technology, Iizuka, Japan"
"Okura, Fumio","Osaka University, Osaka, Japan"
"Onishi, Yuki","Singapore Management Univeristy, Singapore, Singapore"
"Orlosky, Jason","Osaka University, Toyonaka, Osaka, Japan"
"Oyekoya, Oyewole","Computer Science, City University of New York - Hunter College, New York City, New York, USA"
"Paananen, Siiri","University of Lapland, Rovaniemi, Finland"
"Pacchierotti, Claudio","IRISA, CNRS, Rennes, France"
"Palmisano, Stephen","School of Psychology, University of Wollongong, Wollongong, NSW 2522, Australia"
"Pan, Junjun","School of Computer Science, Beihang University, Beijing, China"
"Pan, Xueni","Computing, Goldsmiths, London, United Kingdom"
"Pavanatto, Leonardo","Center for Human Computer Interaction, Virginia Tech, Blacksburg, Virginia, USA"
"Peer, Alex",
"Pero, Chiara","University of Salerno, Fisciano, Salerno, Italy"
"Perusquia-Hernandez, Monica","Cybernetics and Reality Engineering Laboratory, Nara Institute of Science and Technolgy, Ikoma-shi, Nara, Japan"
"Pfeuffer, Ken","Department of Computer Science, Aarhus University, Aarhus, Denmark"
"Phillips, Nate","Mississippi State University, Starkville, Mississippi, USA"
"Pintore, Giovanni","CRS4, Cagliari, CAGLIARI, Italy"
"Plass, Jan","Educational Communication Technologies, New York University, New York, New York, USA"
"Podkosova, Iana","Interactive Media Systems, TU Wien, Vienna, Austria"
"Pöhlmann, Katharina","Computing Science, University of Glasgow, Glasgow, United Kingdom"
"Pollard, Kimberly","Human Research Engineering Directorate, U.S. Army Research Laboratory, Los Angeles, California, USA"
"Polychronakis, Andrew","School of Electical and Computer Engineering, Technical University of Crete, Chania, Greece"
"Porter, John","Computer Science Dept, MC Center for BPC, Morehouse College, Atlanta, Georgia, USA"
"Pouke, Matti","Center for Ubiquitous Computing, University of Oulu, Oulu, Finland"
"Prakash, Antony","IDP in Educational Technology, Indian Institute of Technology Bombay, Mumbai, Maharashtra, India"
"Pratticò, Filippo Gabriele","DAUIN - VR@POLITO, Politecnico di Torino, Torino, Italy"
"Preim, Bernhard","Computer Science, University of Magdeburg, Magdeburg, Germany"
"Prinz, Lisa","Human Systems Engineering Research Group, Fraunhofer FKIE, Bonn, Germany"
"Proulx, Michael","Meta Reality Labs Research, Redmond, Washington, USA"
"Prouzeau, Arnaud","Inria, Université de Bordeaux, Bordeaux, France"
"Punpongsanon, Parinya","Graduate School of Science and Engineering, Saitama University, Saitama, Japan"
"Qi, Trudi","Fowler School of Engineering, Chapman University, Orange, California, USA"
"Qian, Xun","Google, Mountain View, California, USA"
"Qin, Zong","Sun Yat-Sen University, Guangzhou, China"
"Quijano-Chavez, Carlos","UFRGS, Porto Alegre, l, Brazil"
"Ragan, Eric","University of Florida, Gainesville, Florida, USA"
"Rajaram, Shwetha","School of Information, University of Michigan, Ann Arbor, Michigan, USA"
"Ramani, Karthik","School of Mechanical Engineering, Purdue University, West Lafayette, Indiana, USA"
"Ramiotis, George","Electrical and Computer Engineering/Surreal Team, Technical University of Crete, Chania, Chania, Greece"
"Rawat, Prashant","Faculty of Computer Science, Dalhousie University, Halifax, Nova Scotia, Canada"
"Razzaque, Sharif","none, St Louis, Missouri, USA"
"Regenbrecht, Holger","Department of Information Science, University of Otago, Dunedin, Otago, New Zealand"
"Ren, Bo","Nankai University, Tianjin, China"
"Reyserhove, Hans","Meta, Menlo Park, California, USA"
"Ribeiro Skreinig, Lucchas","Institute of Computer Graphics and Vision, Graz University of Technology, Graz, Austria"
"Ricca, Aylen","Digital Engineering School, ESIEA, Laval, France"
"Ritsos, Panagiotis","School of Computer Science and Electronic Engineering, Bangor University, Bangor, Gwynedd, United Kingdom"
"Roberts, David","Shared Realities Ltd, High Peak, United Kingdom"
"Robles, Marta","NEVIA lab, Ludwig-Maximilians University Munich Hospital, Munich, Germany"
"Rojas Ferrer, César","Reasearch & Development, Hitachi Ltd., Tokyo, Japan"
"Rondao Alface, Patrice","Nokia Technologies, Antwerp, Belgium"
"Rosa, Nina","Laboratory of Geo-information Science and Remote Sensing, Wageningen University and Research, Wageningen, Netherlands"
"Rosales, Enrique","Computer Science, University of British Columbia, Vancouver, British Columbia, Canada"
"Saffo, David","Global Technology Applied Research, J.P. Morgan Chase & Co., New York, New York, USA"
"Saibene, Aurora",
"Sand, Erik",
"Sarac, Mine","Mechatronics Engineering, Kadir Has University, Istanbul, Turkey"
"Saragadam, Vishwanath","Electrical and Computer Engineering, Rice University, Houston, Texas, USA"
"Sarmiento, Wilson J.","Universidad Militar Nueva Granada, Bogotá D.C., Colombia"
"Sarri, Effrosyni","Technical University of Crete, Chania, Greece"
"Satriadi, Kadek Ananta","Monash University, Melbourne, Australia"
"Savoye, Yann","Dept of Computer Sciences, Liverpool John Moores University, Liverpool, England, United Kingdom"
"Scavarelli, Anthony","School of Information Technology, Carleton University, Ottawa, Ontario, Canada"
"Schieber, Hannah","Human-Centered Computing and Extended Reality, Technical University of Munich (TUM), München, Germany"
"Schirmer Silva, Luiz Jose","PPGCA, Unisinos, São Leopoldo, Brazil"
"Schmelter, Thereza","Berliner Hochschule für Technik, Berlin, Germany"
"Schmied-Kowarzik, Rahel","German Aerospace Center (DLR) Institut of Maintenance, Repair and Overhaul, Hamburg, Germany"
"Schott, Danny","Faculty of Computer Science, Otto-von-Guericke University, Magdeburg, Saxony-Anhalt, Germany"
"Schwind, Valentin","Frankfurt University of Applied Sciences, Frankfurt am Main, Germany"
"Scurati, Giulia Wally","Blekinge Institute of Technology, Karlskrona, Sweden"
"Sedlmair, Michael","VISUS, University of Stuttgart, Stuttgart, Germany"
"Sepahyar, Soheil","PhD student and Michigan Technological University, Michigan Technological University, Houghton, Michigan, USA"
"Serrano, Marcos","University of Toulouse 3, IRIT - Elipse, Toulouse, France"
"Shahnewaz Ferdous, Sharif Mohammad","Computer Science, The College of New Jersey, Ewing, New Jersey, USA"
"Shen, Jingyuan","Rinker School of Construction Management, University of Florida, Gainesville, Florida, USA"
"Shen, Junxiao","Department of Engineering, University of Cambridge, Cambridge, United Kingdom"
"Shen, Wenhao","State Key Laboratory of CAD&CG, Zhejiang University, Hangzhou, China"
"Shi, Jingyu","Elmore Family School of Electrical and Computer Engineering, Purdue University, West Lafayette, Indiana, USA"
"Shi, Liang",
"Shi, Zheng","Princeton University, Princeton, New Jersey, USA"
"Shimada, Sotaro","School of Science and Technology, Meiji University, Kawasaki, Japan"
"Sidenmark, Ludwig","Department of Computer Science, University of Toronto, Toronto, Ontario, Canada"
"Silva do Monte Lima, João Paulo","Universidade Federal Rural de Pernambuco, Recife, Pernambuco, Brazil"
"Silva, Claudio","New York University, New York City, New York, USA"
"Sim, Mattea","Psychological and Brain Sciences, Indiana University, Bloomington, Indiana, USA"
"Sin, Zackary","Department of Computing, The Hong Kong Polytechnic University, Hong Kong, Hong Kong"
"Singh, Rahul","Department of Computer Science, University of Illinois Urbana-Champaign, Urbana, Illinois, USA"
"Sinnott, Christian","The Smith-Kettlewell Eye Research Institute, San Francisco, California, USA"
"Siqueira da Silva, Isabel",
"Skarbez, Richard","Grado Department of Industrial and Systems Engineering, Virginia Polytechnic Institute and State University, Blacksburg, Virginia, USA"
"Soberanis, Lara","Texas A&M University, College Station, Texas, USA"
"Somraj, Nagabhushan","Dept of Electrical Communication Engg, Indian Institute of Science, Bengaluru, Karnataka, India"
"Son, Sanghyun","GAMMA Lab, University of Maryland, College Park, College Park, Maryland, USA"
"Song, Liangchen","Apple Inc., Cupertino, California, USA"
"Song, Wenfeng","Computer Science, Beijing information science and technology university, beijing, Beijing, China"
"Sörös, Gábor","Nokia Bell Labs, Budapest, Hungary"
"Sousa, Mauricio","Department of Computer Science, University of Toronto, Toronto, Ontario, Canada"
"Sra, Misha","Computer Science, UCSB, Santa Barbara, California, USA"
"Stacchio, Lorenzo","Department of Political Sciences, Communication and International Relations,VRAI Laboratory, University of Macerata, Macerata, Italy"
"Stamminger, Marc","Visual Computing, Friedrich-Alexander-Universität Erlangen-Nürnberg, Erlangen, Germany"
"Stanescu, Ana","Institute of Computer Graphics and Vision, Graz University of Technology, Graz, Austria"
"Stavroulakis, Alexis","TECHNICAL UNIVERSITY OF CRETE, CHANIA, Greece"
"Stefanucci, Jeanine","University of Utah, Salt Lake City, Utah, USA"
"Stringer, Elizabeth","Guildhall, SMU, Dallas, Texas, USA"
"Stuerzlinger, Wolfgang","School of Interactive Arts + Technology (SIAT), Simon Fraser University, Vancouver, British Columbia, Canada"
"Su, Zhuo","Tencent, Tencent, Shanghai, China"
"Sueishi, Tomohiro","The University of Tokyo, Tokyo, Japan"
"Sulaimon, Tolulope","University of Central Florida, Orlando, Florida, USA"
"Sultana, Samiha","CVIS Lab, BRAC University, Dhaka, Bangladesh"
"Sun, Qi","New York University, New York, New York, USA"
"Sun, Ruoxi","CSIRO's Data61, Adelaide, Australia"
"Sun, Yilu","Virtual Embodiment Lab, Cornell University, Ithaca, New York, USA"
"Swan, J. Edward","Computer Science and Engineering, Mississippi State University, Starkville, Mississippi, USA"
"Szekely, Brian","Department of Psychology, University of Nevada, Reno, Reno, Nevada, USA"
"Tabata, Satoshi","Tokyo University of Science, Tokyo, Japan"
"Taheri, Atieh","Electrical and Computer Engineering, University of California, Santa Barbara, Santa Barbara, California, USA"
"Taketomi, Takafumi","Cyberagent, Tokyo, Japan"
"Tan, Haoyu","Department of Computer Science & Engineering, University of Minnesota, Minneapolis, Minnesota, USA"
"Tanaka, Yudai","University of Chicago, Chicago, Illinois, USA"
"Tang, Fulin","Institute of Automation, Chinese Academy of Sciences, Beijing, China"
"Tang, Zhenyu","ByteDance, San Jose, California, USA"
"Tariq, Taimoor","USI Lugano, Lugano, Ticino, Switzerland"
"Tatzgern, Markus","Salzburg University of Applied Sciences, Puch, Austria"
"Teo, Theophilus","Empathic Computing Lab, University of South Australia, Mawson Lakes, South Australia, Australia"
"Theil, Arthur","Digital Media Technology Lab, Birmingham City University, Birmingham, United Kingdom"
"Tirado Cortes, Carlos","iCinema Research Centre, University of New South Wales, Sydney, NSW, Australia"
"Tong, Wai","Department of Computer Science and Engineering, The Hong Kong University of Science and Technology, Hong Kong, China"
"Tong, Xin","Data Science Research Center, Duke Kunshan University, Kunshan, Suzhou, China"
"Torchelsen, Rafael","CDTec, Federal University of Pelotas, Pelotas, Brazil"
"Tran O'Leary, Jasper","University of Washington, Seattle, Washington, USA"
"Tran, Kien T. P. ","School of Computer Science, The University of Auckland, Auckland, New Zealand"
"Tseng, Wen-Jie","Technical University of Darmstadt, Darmstadt, Hesse, Germany"
"Turkmen, Rumeysa","Faculty of Engineering and Natural Sciences, Kadir Has University, Istanbul, Turkey"
"Tuzun Canadinc, Seda","Texas A&M University, College Station, Texas, USA"
"Uchiyama, Hideaki","Cybernetics and Reality Engineering Laboratory, Nara Institute of Science and Technology, Nara, Nara, Japan"
"Ueda, Itsuki","University of Tsukuba, Tsukuba, Ibaraki, Japan"
"Ujitoko, Yusuke","NTT Communication Science Laboratories, Atsugi, Kanagawa, Japan"
"Ullah, A K M Amanat","Computer Science, University of British Columbia, Okanagan, Kelowna, British Columbia, Canada"
"Ullal, Akshith","EECS, Vanderbilt University, Nashville, Tennessee, USA"
"Uranishi, Yuki","Cybermedia Center, Osaka Univercity, Toyonaka, Osaka, Japan"
"Uro, Pierrick","CRIStAL, Université de Lille, Lille, France"
"Vanukuru, Rishi","ATLAS Institute, University of Colorado Boulder, Boulder, Colorado, USA"
"Vasylevska, Khrystyna","Institute of Visual Computing and Human-Centered Technology, TU Wien, Vienna, Austria"
"Vaziri, Koorosh","Dept. of Computer Science, University of Minnesota, Minneapolis, Minnesota, USA"
"Venkatakrishnan, Rohith","School of Computing, Human Centered Computing, Clemson University, Clemson, South Carolina, USA"
"Venkatakrishnan, Roshan","School of Computing, Human Centered Computing, Clemson University, Clemson, South Carolina, USA"
"Vérité, Fabien","Sorbonne université, Paris, France"
"Viola, Ivan","Visual Computing Center, King Abdullah University of Science and Technology, Thuwal, Saudi Arabia"
"Volmer, Benjamin","Wearable Computer Lab, University of South Australia, Adelaide, South Australia, Australia"
"Volonte, Matias","School of Computing, Clemson University, Charleston, South Carolina, USA"
"Von Sawitzky, Tamara","Technische Hochschule Ingolstadt, Ingolstadt, Germany"
"Vona, Francesco","Department of Electronics, Information and Bio-engineering, Politecnico di Milano, Milan, Italy"
"Wagner, Jorge","Institute of Informatics, Federal University of Rio Grande do Sul, Porto Alegre, Rio Grande do Sul, Brazil"
"Walsh, Yoselyn",
"Wang, Duotun","Computational Media and Arts Thrust, The Hong Kong University of Science and Technology (Guangzhou), GuangZhou, China"
"Wang, Isaac","Department of Computer Science, James Madison University, Harrisonburg, Virginia, USA"
"Wang, Junyi","State Key Laboratory of virtual reality technology and systems, BeiHang University, Beijing, China"
"Wang, Miao","State Key Laboratory of Virtual Reality Technology and Systems, Beihang University, Beihang University, Beijing, Beijing, China"
"Wang, Minqi","University of California, Berkeley, California, USA"
"Wang, Tiange","VLab, Cambridge, Massachusetts, USA"
"Wang, Xiyao","University of Victoria, Victoira, British Columbia, Canada"
"Wang, Yi","Autodesk Research, San Francisco, California, USA"
"Wang, Yimin","Guangdong Institute of Intelligence Science and Technology, Zhuhai, China"
"Wang, Yuntao","Department of Computer Science and Technology, Tsinghua University, Beijing, China"
"Wang, Yuze","Beihang University, Beijing, China"
"Wang, Zhimin","State Key Laboratory of VR Technology and Systems, School of Computer Science and Engineering, Beihang University, Beijing, China"
"Weidner, Florian","Lancaster University, Lancaster, United Kingdom"
"Weier, Martin","DCSM, RheinMain University of Applied Sciences, Wiesbaden, Hessen, Germany"
"Weng, Dongdong","Beijing Institute of Technology, Beijing, China"
"Whittinghill, David","Computer Graphics Technology, Purdue University, West Lafayette, Indiana, USA"
"Wiebel, Alexander","UX-Vis, Hochschule Worms, Worms, Germany"
"Williams, Benjamin","Games Development Department, Staffordshire University, Stoke-on-Trent, United Kingdom"
"Williams, Niall","University of Maryland, College Park, College Park, Maryland, USA"
"Wilson, Graham","School of Computing Science, University of Glasgow, Glasgow, United Kingdom"
"Wintersberger, Philipp","Department of Digital Media, University of Applied Sciences Upper Austria, Hagenberg, Austria"
"Wischgoll, Thomas","Computer Science and Engineering, Wright State University, Dayton, Ohio, USA"
"Wolf, Erik","Human-Computer Interaction Group, University of Würzburg, Würzburg, Germany"
"Wong, Sai-Keung","Computer Science, National Yang Ming Chiao Tung University, No.1001, Daxue Rd., East Dist., Hsinchu, Taiwan"
"Woodworth, Jason","Center for Advanced Computer Studies, University of Louisiana at Lafayette, Lafayette, Louisiana, USA"
"Wu, Erwin","Digital Human Lab, Huawei Tokyo Research Center, Tokyo, Japan"
"Wu, Fei","Department of Computer Science & Engineering, University of Minnesota, Minneapolis, Minnesota, USA"
"Wu, Hui-Yin","Centre Inria d'Université Côte d'Azur, Sophia-Antipolis Cedex, France"
"Wu, Jian","State Key Laboratory of Virtual Reality Technology and Systems, School of Computer Science and Engineering, Beihang University, Beijing, China"
"Wuensche, Burkhard","Computer Science, University of Auckland, Auckland, New Zealand"
"Xavier Natario Teixeira, João Marcelo","UFPE, Recife, Brazil"
"Xia, Xinxing","Institute for Media Innovation, Nanyang Technological University, Singapore, Singapore"
"Xing, Guanyu","Sichuan University, Chengdu, China"
"Xu, Changqiao","beijing university of posts and telecommunications, Beijing, Beijing, China"
"Xu, Di",
"Xu, Feng","School of Software, Tsinghua University, Beijing, China"
"Xu, Jiayi",
"Xu, Sen-Zhe","Tsinghua University, Beijing, China"
"Xu, Wenge","DMT Lab, Birmingham City University, Birmingham, United Kingdom"
"Yan, Yukang","Human-Computer Interaction Institute, Carnegie Mellon University, Pittsburgh, Pennsylvania, USA"
"Yang, Bangbang","PICO MixedReality, Bytedance Inc, Shanghai, China"
"Yang, Dongseok","KAIST, DAEJEON, Republic of Korea"
"Yang, Jackie","Computer Science, Stanford University, Stanford, California, USA"
"Yang, Wenwu",
"Yeh, Shih-Ching","National Yang Ming Chiao Tung University, Hsinchu, Taiwan"
"Yendo, Tomohiro","Nagaoka University of Technology, Nagaoka, Niigata, Japan"
"Yi, Juheon","Seoul National University, Seoul, Seoul, Republic of Korea"
"Yi, Xin","Institute for Network Sciences and Cyberspace, Tsinghua University, Beijing, China"
"Yildirim, Caglar","Khoury College of Computer Sciences, Northeastern University, Boston, Massachusetts, USA"
"Yilmaz, Mehmet","Kadir Has University, Istanbul, Turkey"
"Yin, Tairan","INRIA, Rennes, France"
"Yip Dias, Alexandre","Interdisciplinary Center in Interactive Technologies (CITI), University of São Paulo, SAO PAULO, Brazil"
"Yoon, Sang Ho","Graduate School of Culture Technology, KAIST, Daejeon, Republic of Korea"
"Yu, Difeng","University of Copenhagen, Copenhagen, Denmark"
"Yu, Minjing","College of Intelligence and Computing, Tianjin University, Tianjin, China"
"Yumak, Zerrin","Utrecht University, Utrecht, Netherlands"
"Yun, Haoran","Universitat Politècnica de Catalunya, Barcelona, Spain"
"Zachmann, Gabriel","Mathematics and Computer Science, University of Bremen, Bremen, Germany"
"Zahorik, Pavel","Univers, Louisville, Kentucky, USA"
"Zaman, Faisal","Computational Media Innovation Centre (CMIC), Victoria University of Wellington, Wellington, New Zealand"
"Zaman, Nasif","Computer Science and Engineering, University of Nevada, Reno, Reno, Nevada, USA"
"zeng, hui","Tsinghua University, Beijing, China"
"Zeqiri, Albin","Institute of Media Informatics, Ulm University, Ulm, Germany"
"Zhang, Danhua","Department of Computer Science & Engineering, University of Minnesota, Minneapolis, Minnesota, USA"
"Zhang, Fang-Lue","Victoria University of Wellingtong, Wellington, New Zealand"
"Zhang, Guangtao","Tsinghua University, Beijing, China"
"Zhang, Guofeng","State Key Lab of CAD&CG, Zhejiang University, Computer Science College, Hangzhou, China"
"Zhang, He","College of Information Sciences and Technology, Pennsylvania State University, State College, Pennsylvania, USA"
"Zhang, Jingbo","City University of Hong Kong, Computer Science Departement, Hong Kong, Hong Kong"
"Zhang, Lei","School of Information, University of Michigan, Ann Arbor, Michigan, USA"
"Zhang, Lei","School of Computer Science, Beijing Institute of Technology, Beijing, China"
"Zhang, Song-Hai","Tsinghua University, Beijing, China"
"Zhang, Yidan","Data Visualisation and Immersive Analytics Lab, Monash University, Melbourne, Australia"
"Zhang, Zixun","York University, York, United Kingdom"
"Zhao, Hantao","ETH, Chair of Cognitive Science, Zurich, Switzerland"
"Zhao, Jingbo","College of Information and Electrical Engineering, China Agricultural University, Beijing, China"
"Zheng, Yilei","Beihang University, Beijing, China"
"Zhou, Bin","Beihang University, Beijing, China"
"Zhou, Kanglei","School of Computer Science and Engineering, Beihang University, Beijing, China"
"Zhou, Kyrie Zhixuan","Information Sciences, University of Illinois at Urbana-Champaign, Champaign, Illinois, USA"
"Zhou, Tian",
"Zhou, Xiaoyan","Computer Science, Colorado State University, Fort Collins, Colorado, USA"
"Zhou, Yuqi","Department of Computer Science, Purdue University, West Lafayette, Indiana, USA"
"Zhu, Kening","School of Creative Media, City University of Hong Kong, HongKong, China"
"Zhu, Lifeng","Southeast University, Nanjing, Jiangsu, China"
"Zhu, Yongning","Tongji University, Shanghai, China"
"Zhu, Zhenyang","Department of Computer Science and Engineering, University of Yamanashi, Kofu, Yamanashi, Japan"
"Zibrek, Katja","INRIA, Rennes, France"
"Zilles Borba, Eduardo","Communication Department (DECOM), Federal University of Rio Grande do Sul (UFRGS), Porto Alegre, RS, Brazil"
"Zollmann, Stefanie","Computer Science, University of Otago, Dunedin, New Zealand"